<?xml version="1.0" encoding="UTF-8"?>
<project xmlns="http://maven.apache.org/POM/4.0.0" xmlns:xsi="http://www.w3.org/2001/XMLSchema-instance" xsi:schemaLocation="http://maven.apache.org/POM/4.0.0 http://maven.apache.org/maven-v4_0_0.xsd">
  <modelVersion>4.0.0</modelVersion>
  <groupId>com.s3fileprocesslambdalayer</groupId>
  <artifactId>csv-file-processor-function</artifactId>
  <name>CSVProcessorFunction</name>
  <version>1.0.0</version>
  <description>Lambda function to process CSV files using shared S3 utilities layer</description>
  <build>
    <plugins>
      <plugin>
        <artifactId>maven-compiler-plugin</artifactId>
        <version>3.11.0</version>
        <configuration>
          <source>${maven.compiler.source}</source>
          <target>${maven.compiler.target}</target>
        </configuration>
      </plugin>
      <plugin>
        <artifactId>maven-shade-plugin</artifactId>
        <version>3.5.2</version>
        <executions>
          <execution>
            <phase>package</phase>
            <goals>
              <goal>shade</goal>
            </goals>
            <configuration>
              <finalName>${project.artifactId}</finalName>
              <transformers>
                <transformer />
              </transformers>
              <filters>
                <filter>
                  <artifact>*:*</artifact>
                  <excludes>
                    <exclude>META-INF/LICENSE</exclude>
                    <exclude>META-INF/LICENSE.txt</exclude>
                    <exclude>META-INF/NOTICE</exclude>
                    <exclude>META-INF/NOTICE.txt</exclude>
                    <exclude>META-INF/DEPENDENCIES</exclude>
                    <exclude>META-INF/MANIFEST.MF</exclude>
                    <exclude>META-INF/*.SF</exclude>
                    <exclude>META-INF/*.DSA</exclude>
                    <exclude>META-INF/*.RSA</exclude>
                  </excludes>
                </filter>
              </filters>
              <artifactSet>
                <excludes>
                  <exclude>com.s3fileprocesslambdalayer:shared-lambda-layer</exclude>
                </excludes>
              </artifactSet>
            </configuration>
          </execution>
        </executions>
      </plugin>
    </plugins>
  </build>
  <dependencies>
    <dependency>
      <groupId>com.s3fileprocesslambdalayer</groupId>
      <artifactId>shared-lambda-layer</artifactId>
      <version>1.0.0</version>
      <scope>provided</scope>
    </dependency>
  </dependencies>
  <dependencyManagement>
    <dependencies>
      <dependency>
        <groupId>io.netty</groupId>
        <artifactId>netty-common</artifactId>
        <version>4.1.112.Final</version>
      </dependency>
    </dependencies>
  </dependencyManagement>
  <properties>
    <aws.lambda.java.core.version>1.2.3</aws.lambda.java.core.version>
    <maven.compiler.target>17</maven.compiler.target>
    <maven.compiler.source>17</maven.compiler.source>
    <project.build.sourceEncoding>UTF-8</project.build.sourceEncoding>
    <aws.lambda.java.events.version>3.11.0</aws.lambda.java.events.version>
  </properties>
</project>
