<?xml version="1.0" encoding="UTF-8"?>
<project xmlns="http://maven.apache.org/POM/4.0.0" xmlns:xsi="http://www.w3.org/2001/XMLSchema-instance" xsi:schemaLocation="http://maven.apache.org/POM/4.0.0 http://maven.apache.org/maven-v4_0_0.xsd">
  <modelVersion>4.0.0</modelVersion>
  <groupId>com.s3fileprocesslambdalayer</groupId>
  <artifactId>shared-lambda-layer</artifactId>
  <name>SharedLambdaLayer</name>
  <version>1.0.0</version>
  <description>Shared Lambda Layer for S3 file utilities</description>
  <build>
    <plugins>
      <plugin>
        <artifactId>maven-compiler-plugin</artifactId>
        <version>3.11.0</version>
        <configuration>
          <release>17</release>
        </configuration>
      </plugin>
      <plugin>
        <artifactId>maven-shade-plugin</artifactId>
        <version>3.5.2</version>
        <executions>
          <execution>
            <phase>package</phase>
            <goals>
              <goal>shade</goal>
            </goals>
            <configuration>
              <shadedArtifactAttached>true</shadedArtifactAttached>
              <shadedClassifierName>lambda</shadedClassifierName>
              <artifactSet>
                <includes>
                  <include>software.amazon.awssdk:*</include>
                  <include>com.amazonaws:aws-lambda-java-core</include>
                </includes>
              </artifactSet>
              <filters>
                <filter>
                  <artifact>*:*</artifact>
                  <excludes>
                    <exclude>META-INF/*.SF</exclude>
                    <exclude>META-INF/*.DSA</exclude>
                    <exclude>META-INF/*.RSA</exclude>
                    <exclude>META-INF/LICENSE</exclude>
                    <exclude>META-INF/LICENSE.txt</exclude>
                    <exclude>META-INF/NOTICE</exclude>
                    <exclude>META-INF/NOTICE.txt</exclude>
                    <exclude>META-INF/DEPENDENCIES</exclude>
                    <exclude>META-INF/MANIFEST.MF</exclude>
                    <exclude>META-INF/versions/9/module-info.class</exclude>
                  </excludes>
                </filter>
              </filters>
              <transformers>
                <transformer />
                <transformer>
                  <mainClass>com.s3fileprocesslambdalayer.SharedLambdaLayer</mainClass>
                </transformer>
              </transformers>
            </configuration>
          </execution>
        </executions>
      </plugin>
    </plugins>
  </build>
  <dependencyManagement>
    <dependencies>
      <dependency>
        <groupId>io.netty</groupId>
        <artifactId>netty-common</artifactId>
        <version>4.1.117.Final</version>
      </dependency>
      <dependency>
        <groupId>io.netty</groupId>
        <artifactId>netty-handler</artifactId>
        <version>4.1.117.Final</version>
      </dependency>
    </dependencies>
  </dependencyManagement>
  <properties>
    <maven.compiler.target>17</maven.compiler.target>
    <maven.compiler.source>17</maven.compiler.source>
    <aws.sdk.version>2.25.22</aws.sdk.version>
    <project.build.sourceEncoding>UTF-8</project.build.sourceEncoding>
  </properties>
</project>
